{"meta": {"software": "slipcover", "version": "1.0.2", "timestamp": "2024-03-18T20:25:32.844096", "branch_coverage": true}, "files": {"pysnooper/__init__.py": {"executed_lines": [3, 20, 21, 22, 24, 25, 27, 28, 30], "missing_lines": [], "summary": {"covered_lines": 9, "missing_lines": 0, "covered_branches": 0, "missing_branches": 0, "percent_covered": 100.0}, "executed_branches": [], "missing_branches": []}, "pysnooper/tracer.py": {"executed_lines": [4, 5, 6, 7, 8, 9, 10, 11, 12, 13, 14, 16, 17, 18, 22, 25, 26, 27, 28, 30, 31, 32, 33, 34, 36, 37, 38, 41, 42, 43, 46, 49, 50, 51, 52, 53, 54, 55, 56, 57, 58, 60, 61, 62, 63, 66, 67, 68, 69, 70, 81, 82, 83, 86, 94, 95, 96, 99, 100, 103, 104, 106, 107, 108, 111, 112, 113, 114, 116, 117, 118, 119, 120, 124, 125, 126, 127, 129, 131, 133, 136, 137, 138, 139, 141, 142, 143, 144, 145, 148, 149, 151, 152, 206, 207, 208, 209, 211, 212, 213, 214, 215, 216, 218, 219, 220, 221, 222, 223, 224, 225, 226, 227, 228, 231, 232, 233, 234, 235, 237, 238, 241, 244, 246, 257, 258, 289, 290, 291, 293, 294, 296, 297, 298, 299, 300, 302, 303, 305, 306, 307, 309, 310, 312, 313, 314, 315, 316, 320, 321, 322, 323, 324, 325, 330, 331, 333, 334, 335, 336, 337, 339, 347, 348, 352, 366, 368, 375, 377, 386, 387, 388, 393, 394, 395, 396, 397, 398, 399, 400, 401, 402, 409, 413, 414, 415, 416, 417, 418, 421, 422, 424, 425, 426, 427, 428, 438, 460, 461, 463, 464, 465, 466, 467, 470, 474, 475, 477, 478, 479, 480, 482, 483, 484, 485, 486, 488, 489, 491, 492, 493, 494, 495, 496, 498], "missing_lines": [19, 64, 65, 71, 72, 73, 74, 75, 76, 77, 78, 79, 84, 85, 89, 101, 102, 121, 123, 132, 229, 230, 239, 242, 247, 250, 251, 253, 254, 255, 260, 261, 262, 263, 265, 266, 267, 268, 269, 270, 271, 272, 273, 274, 275, 276, 277, 278, 280, 281, 282, 283, 284, 285, 287, 295, 311, 353, 354, 356, 357, 358, 359, 360, 361, 362, 364, 367, 376, 378, 379, 380, 381, 382, 383, 384, 403, 404, 406, 407, 408, 429, 430, 441, 442, 443, 444, 447, 449, 451, 452, 453, 462, 471, 472], "summary": {"covered_lines": 225, "missing_lines": 95, "covered_branches": 52, "missing_branches": 49, "percent_covered": 65.7957244655582}, "executed_branches": [[18, 22], [36, 37], [36, 38], [61, 62], [61, 68], [66, 67], [68, 69], [68, 86], [70, 81], [86, 94], [94, 95], [94, 106], [96, 99], [96, 103], [100, 96], [113, 114], [113, 116], [116, 117], [116, 124], [124, 125], [124, 126], [126, 127], [126, 129], [228, 231], [238, 241], [241, 244], [294, 296], [298, 299], [310, 312], [347, 348], [347, 366], [348, 352], [366, 368], [375, 377], [377, 386], [396, 397], [396, 400], [402, 409], [424, 425], [424, 438], [425, 426], [425, 428], [428, 424], [438, 460], [461, 463], [470, 474], [477, 478], [477, 491], [482, 483], [491, 492], [491, 498], [493, 494]], "missing_branches": [[18, 19], [66, 68], [70, 71], [86, 89], [100, 101], [228, 230], [238, 239], [241, 242], [247, 250], [247, 255], [250, 251], [250, 253], [253, 247], [253, 254], [269, 270], [280, 281], [280, 282], [282, 283], [282, 284], [284, 285], [284, 287], [294, 295], [298, 302], [310, 311], [348, 353], [353, 354], [353, 356], [357, 358], [357, 364], [359, 360], [359, 361], [361, 357], [361, 362], [366, 367], [375, 376], [377, 378], [402, 403], [403, 404], [403, 406], [428, 429], [438, 441], [441, 442], [441, 460], [449, 441], [449, 451], [461, 462], [470, 471], [482, 491], [493, 495]]}, "pysnooper/variables.py": {"executed_lines": [1, 2, 3, 4, 7, 9, 10, 13, 14, 15, 17, 20, 21, 22, 23, 24, 25, 28, 30, 31, 32, 35, 37, 38, 41, 42, 45, 48, 53, 54, 55, 56, 67, 69, 70, 71, 76, 77, 79, 82, 86, 87, 93, 96, 100, 101, 104, 107, 111, 112, 114, 117, 124, 125], "missing_lines": [5, 6, 26, 33, 34, 39, 43, 46, 49, 50, 57, 58, 59, 60, 61, 62, 63, 64, 65, 72, 73, 74, 80, 83, 88, 89, 90, 94, 97, 102, 105, 108, 115, 118, 119, 120, 121, 126, 127, 128, 129, 131, 133], "summary": {"covered_lines": 54, "missing_lines": 43, "covered_branches": 3, "missing_branches": 9, "percent_covered": 52.293577981651374}, "executed_branches": [[25, 28], [56, 67], [71, 0]], "missing_branches": [[25, 26], [56, 57], [58, 59], [58, 60], [71, 72], [126, 127], [126, 128], [128, 129], [128, 131]]}, "pysnooper/utils.py": {"executed_lines": [4, 5, 7, 8, 10, 11, 12, 13, 14, 15, 17, 19, 20, 23, 24, 25, 28, 29, 30, 31, 36, 37, 38, 39, 44, 50, 51, 56, 59, 62, 67, 68, 69, 70, 73, 74, 76, 77, 78, 81, 82, 83, 90, 91, 92, 93, 95], "missing_lines": [16, 26, 32, 45, 46, 52, 53, 54, 55, 64, 71, 72, 75, 85, 86, 87], "summary": {"covered_lines": 47, "missing_lines": 16, "covered_branches": 15, "missing_branches": 9, "percent_covered": 71.26436781609195}, "executed_branches": [[12, 13], [12, 20], [13, 14], [13, 19], [14, 13], [14, 15], [15, 17], [30, 31], [51, 56], [74, 76], [76, 77], [76, 78], [82, 83], [91, 93], [91, 95]], "missing_branches": [[15, 16], [30, 32], [51, 52], [52, 53], [52, 54], [54, 51], [54, 55], [74, 75], [82, 85]]}, "pysnooper/pycompat.py": {"executed_lines": [3, 5, 6, 7, 8, 9, 11, 12, 14, 15, 25, 26, 46, 47, 51, 52, 57, 58, 59, 60, 67, 68, 72, 73, 86, 87, 88, 90], "missing_lines": [17, 18, 21, 22, 28, 29, 31, 32, 34, 36, 37, 38, 39, 41, 42, 48, 49, 53, 54, 62, 63, 64, 69, 70, 75, 76, 77, 78, 79, 80, 82, 83, 91, 92, 93, 95, 96, 97], "summary": {"covered_lines": 28, "missing_lines": 38, "covered_branches": 4, "missing_branches": 6, "percent_covered": 42.10526315789474}, "executed_branches": [[14, 15], [25, 26], [57, 58], [72, 73]], "missing_branches": [[14, 17], [25, 28], [57, 62], [72, 75], [77, 78], [77, 79]]}}, "summary": {"covered_lines": 363, "missing_lines": 192, "covered_branches": 74, "missing_branches": 73, "percent_covered": 62.25071225071225}}
