{"meta": {"software": "slipcover", "version": "1.0.6", "timestamp": "2024-04-11T03:58:18.356736", "branch_coverage": true, "show_contexts": false}, "files": {"apimd/loader.py": {"executed_lines": [3, 5, 6, 7, 8, 10, 11, 12, 13, 14, 15, 16, 17, 18, 19, 21, 24, 26, 27, 30, 32, 33, 36, 38, 39, 40, 41, 44, 46, 47, 48, 49, 50, 51, 52, 53, 54, 55, 56, 57, 58, 59, 60, 63, 79, 81, 82, 84, 85, 86, 87, 88, 89, 90, 91, 92, 93, 94, 106, 109, 110, 111, 113, 114, 115, 116, 117, 118, 124, 125, 126, 127, 128, 129, 130, 131, 132, 133, 134, 135, 136, 137, 138, 139, 140, 141, 143, 144, 145], "missing_lines": [66, 67, 68, 69, 70, 71, 72, 73, 74, 75, 76, 95, 97, 98, 99, 100, 101, 102, 103, 105], "executed_branches": [[39, 40], [39, 41], [48, 0], [48, 49], [49, 48], [49, 50], [50, 51], [50, 52], [53, 54], [53, 55], [82, 84], [82, 106], [85, 86], [85, 93], [87, 88], [87, 89], [91, 92], [93, 94], [124, 125], [124, 126], [126, 127], [126, 129], [130, 131], [130, 145], [133, 134], [133, 136], [139, 140], [139, 143]], "missing_branches": [[71, 72], [71, 76], [91, 85], [93, 95], [97, 98], [97, 105], [99, 100], [99, 101], [102, 97], [102, 103]], "summary": {"covered_lines": 89, "missing_lines": 20, "covered_branches": 28, "missing_branches": 10, "percent_covered": 79.59183673469387}}, "apimd/__init__.py": {"executed_lines": [3, 5, 6, 7, 8, 9, 11], "missing_lines": [], "executed_branches": [], "missing_branches": [], "summary": {"covered_lines": 7, "missing_lines": 0, "covered_branches": 0, "missing_branches": 0, "percent_covered": 100.0}}, "apimd/pep585.py": {"executed_lines": [3, 5, 6, 7, 8, 10, 11, 12, 13, 14, 15, 16, 17, 18, 19, 20, 21, 22, 23, 24, 25, 26, 27, 28, 29, 30, 31, 32, 33, 34, 35, 36, 37, 38, 39, 40, 41, 42, 43, 44, 45, 46, 47, 48], "missing_lines": [], "executed_branches": [], "missing_branches": [], "summary": {"covered_lines": 44, "missing_lines": 0, "covered_branches": 0, "missing_branches": 0, "percent_covered": 100.0}}, "apimd/__main__.py": {"executed_lines": [], "missing_lines": [3, 5, 6, 7, 8, 10, 13, 15, 16, 17, 18, 19, 20, 22, 23, 24, 25, 26, 27, 28, 31, 35, 36, 37, 38, 39, 44, 45, 46, 47, 48, 49, 50, 51, 52, 53, 54, 55, 56, 59, 60], "executed_branches": [], "missing_branches": [[31, 35], [31, 37], [39, 44], [39, 45], [47, 48], [47, 54], [49, 50], [49, 51], [51, 52], [51, 53], [59, 0], [59, 60]], "summary": {"covered_lines": 0, "missing_lines": 41, "covered_branches": 0, "missing_branches": 12, "percent_covered": 0.0}}, "apimd/logger.py": {"executed_lines": [3, 5, 6, 7, 8, 9, 11, 12, 14, 15, 16, 17, 18], "missing_lines": [], "executed_branches": [], "missing_branches": [], "summary": {"covered_lines": 13, "missing_lines": 0, "covered_branches": 0, "missing_branches": 0, "percent_covered": 100.0}}, "apimd/parser.py": {"executed_lines": [3, 5, 6, 7, 8, 10, 11, 12, 13, 14, 15, 16, 22, 23, 25, 26, 27, 28, 31, 33, 36, 46, 48, 51, 53, 56, 58, 59, 62, 64, 66, 67, 69, 70, 71, 74, 76, 77, 78, 79, 80, 87, 90, 92, 93, 94, 95, 96, 98, 101, 103, 104, 106, 109, 111, 112, 113, 114, 115, 116, 117, 118, 119, 120, 121, 122, 123, 124, 125, 126, 127, 130, 132, 135, 137, 138, 141, 151, 152, 153, 156, 158, 161, 163, 165, 166, 167, 169, 170, 171, 173, 174, 177, 178, 179, 182, 184, 185, 186, 187, 188, 189, 190, 191, 192, 193, 195, 198, 199, 201, 203, 204, 205, 206, 208, 210, 211, 219, 221, 222, 223, 224, 225, 227, 232, 234, 236, 238, 240, 241, 242, 243, 245, 246, 247, 248, 249, 250, 251, 257, 259, 261, 262, 263, 266, 269, 270, 271, 282, 283, 284, 285, 286, 287, 288, 289, 290, 291, 292, 294, 295, 297, 299, 300, 301, 303, 305, 306, 307, 308, 309, 310, 311, 312, 313, 315, 316, 317, 318, 319, 320, 321, 322, 323, 324, 326, 328, 332, 333, 334, 336, 337, 338, 339, 341, 348, 349, 356, 357, 358, 359, 361, 362, 363, 364, 369, 370, 371, 372, 373, 374, 375, 376, 377, 378, 379, 381, 385, 386, 387, 388, 389, 390, 391, 392, 395, 396, 397, 398, 399, 400, 401, 402, 403, 404, 405, 406, 408, 409, 410, 411, 412, 413, 414, 415, 416, 418, 419, 420, 422, 423, 424, 428, 429, 430, 431, 432, 433, 434, 435, 436, 437, 438, 439, 442, 443, 444, 445, 446, 447, 448, 449, 451, 452, 454, 455, 456, 457, 458, 459, 460, 461, 462, 463, 465, 466, 467, 468, 469, 470, 472, 473, 475, 480, 488, 490, 491, 492, 494, 495, 497, 498, 499, 500, 501, 502, 503, 504, 505, 506, 507, 508, 509, 511, 513, 515, 516, 518, 528, 530, 532, 534, 535, 536, 537, 538, 539, 540, 541, 542, 543, 544, 545, 546, 547, 550, 552, 553, 554, 555, 557, 558, 559, 562, 564, 566, 567, 568, 569, 570, 571, 572, 574, 576, 578, 580, 582, 583, 584, 585, 586, 587, 588, 589, 590, 591, 592, 593, 594, 595, 597, 598, 599, 600, 601, 602, 603], "missing_lines": [38, 39, 40, 41, 42, 43, 81, 82, 83, 84, 85, 164, 168, 172, 175, 176, 194, 212, 213, 214, 215, 217, 228, 229, 230, 231, 239, 244, 252, 253, 254, 255, 264, 329, 330, 331, 350, 351, 353, 354, 355, 366, 368, 393, 425, 426, 427, 440, 441, 464, 474, 476, 477, 479, 481, 482, 483, 484, 485, 486, 487, 489, 520, 521, 522, 523, 524, 525, 526, 548, 560], "executed_branches": [[64, 66], [64, 71], [66, 67], [66, 69], [69, 64], [69, 70], [76, 0], [76, 77], [77, 78], [77, 80], [80, 87], [93, 94], [93, 95], [95, 96], [95, 98], [103, 104], [103, 106], [114, 115], [114, 127], [116, 117], [116, 120], [117, 118], [117, 123], [120, 121], [120, 123], [124, 114], [124, 125], [163, 165], [166, 167], [166, 179], [167, 169], [170, 171], [170, 178], [171, 173], [174, 177], [184, 185], [184, 186], [186, 187], [186, 188], [188, 189], [188, 190], [190, 191], [190, 195], [192, 195], [210, 211], [221, 222], [221, 223], [224, 225], [224, 234], [227, 232], [238, 240], [242, 243], [242, 249], [243, 245], [246, 247], [246, 248], [249, 250], [249, 251], [251, 257], [261, 262], [261, 263], [263, 266], [300, 0], [300, 301], [306, 307], [313, 315], [313, 319], [315, 316], [315, 317], [317, 313], [317, 318], [320, 321], [320, 322], [322, 0], [322, 323], [323, 322], [323, 324], [328, 332], [332, 333], [333, 334], [333, 336], [337, 0], [337, 338], [348, 356], [356, 361], [363, 364], [371, 372], [371, 375], [373, 374], [375, 376], [375, 377], [377, 0], [377, 378], [378, 379], [390, 391], [390, 392], [392, 395], [397, 398], [401, 402], [401, 403], [403, 404], [403, 408], [410, 411], [410, 412], [412, 413], [412, 414], [414, 0], [414, 415], [415, 414], [415, 416], [424, 428], [431, 432], [431, 433], [433, 434], [433, 435], [439, 442], [455, 456], [455, 457], [460, 461], [460, 488], [461, 462], [461, 467], [463, 465], [465, 466], [467, 472], [467, 480], [473, 475], [475, 460], [480, 460], [488, 490], [490, 0], [490, 491], [498, 0], [498, 499], [499, 500], [499, 506], [500, 501], [500, 505], [502, 503], [506, 507], [506, 508], [508, 509], [508, 511], [534, 0], [534, 535], [535, 536], [535, 537], [537, 534], [537, 538], [538, 539], [538, 540], [547, 537], [552, 553], [552, 558], [553, 554], [553, 557], [554, 553], [554, 555], [559, 562], [567, 568], [567, 571], [568, 567], [568, 569], [571, 572], [571, 574], [585, 586], [585, 601], [586, 587], [586, 588], [590, 591], [590, 592], [592, 593], [592, 594], [594, 595], [594, 597], [601, 602], [601, 603]], "missing_branches": [[39, 40], [39, 43], [41, 39], [41, 42], [80, 81], [82, 83], [82, 84], [163, 164], [167, 168], [171, 172], [174, 175], [192, 194], [210, 212], [227, 228], [230, 231], [230, 232], [238, 239], [243, 244], [251, 252], [263, 264], [306, 308], [328, 329], [329, 0], [329, 330], [332, 0], [348, 353], [356, 368], [363, 366], [373, 375], [378, 377], [392, 393], [397, 399], [424, 425], [439, 440], [463, 464], [465, 460], [473, 474], [475, 476], [476, 477], [476, 479], [480, 481], [481, 460], [481, 482], [482, 483], [482, 484], [486, 481], [486, 487], [488, 489], [502, 505], [520, 0], [520, 521], [521, 522], [521, 523], [525, 520], [525, 526], [547, 548], [559, 560]], "summary": {"covered_lines": 377, "missing_lines": 71, "covered_branches": 177, "missing_branches": 57, "percent_covered": 81.2316715542522}}}, "summary": {"covered_lines": 530, "missing_lines": 132, "covered_branches": 205,